Vendor_Id,Category_Name,Category_Id,Product_Name,Product_Id
28,1747,Cat91,,
28,1807,Cat92,,
28,1978,Cat93,,
28,2156,Cat94,,
28,2355,Cat95,,
28,2564,Cat96,,
28,2755,Cat97,,
28,2955,Cat98,,
28,3155,Cat99,,
28,3354,Cat100,,
27,1746,Cat91,,
27,1841,Cat92,,
27,2004,Cat93,,
27,2191,Cat94,,
27,2401,Cat95,,
27,2604,Cat96,,
27,2803,Cat97,,
27,2998,Cat98,,
27,3200,Cat99,,
27,3396,Cat100,,
33,1753,Cat91,,
35,1757,Cat91,,
34,1748,Cat91,,
36,1754,Cat91,,
52,1769,Cat91,,
33,1844,Cat92,,
36,1837,Cat92,,
35,1842,Cat92,,
34,1825,Cat92,,
52,1933,Cat92,,
33,2011,Cat93,,
34,2000,Cat93,,
35,2023,Cat93,,
36,1999,Cat93,,
52,2114,Cat93,,
36,2196,Cat94,,
33,2200,Cat94,,
34,2190,Cat94,,
35,2218,Cat94,,
52,2309,Cat94,,
36,2385,Cat95,,
33,2396,Cat95,,
52,2507,Cat95,,
34,2390,Cat95,,
36,2579,Cat96,,
35,2412,Cat95,,
33,2587,Cat96,,
34,2589,Cat96,,
52,2703,Cat96,,
36,2779,Cat97,,
34,2782,Cat97,,
52,2900,Cat97,,
33,2791,Cat97,,
35,2610,Cat96,,
36,2981,Cat98,,
34,2972,Cat98,,
52,3103,Cat98,,
33,2989,Cat98,,
35,2813,Cat97,,
36,3182,Cat99,,
34,3170,Cat99,,
52,3299,Cat99,,
35,3011,Cat98,,
34,3362,Cat100,,
36,3382,Cat100,,
33,3197,Cat99,,
52,3617,Cat100,,
35,3208,Cat99,,
33,3390,Cat100,,
35,3407,Cat100,,
89,1884,Cat91,,
186,1830,Cat91,,
62,1924,Cat91,,
83,1783,Cat91,,
39,1762,Cat91,,
151,1795,Cat91,,
50,1760,Cat91,,
60,1773,Cat91,,
87,1787,Cat91,,
186,2001,Cat92,,
56,1775,Cat91,,
85,1794,Cat91,,
59,1784,Cat91,,
95,1791,Cat91,,
112,1831,Cat91,,
53,1765,Cat91,,
72,1790,Cat91,,
76,1808,Cat91,,
56,1948,Cat92,,
63,1782,Cat91,,
86,1799,Cat91,,
118,1862,Cat91,,
96,1815,Cat91,,
129,1858,Cat91,,
113,1812,Cat91,,
73,1788,Cat91,,
54,1771,Cat91,,
46,1764,Cat91,,
74,1770,Cat91,,
51,1772,Cat91,,
66,1776,Cat91,,
48,1758,Cat91,,
75,1798,Cat91,,
108,1840,Cat91,,
74,1938,Cat92,,
100,1802,Cat91,,
40,1751,Cat91,,
43,1763,Cat91,,
83,1955,Cat92,,
64,1767,Cat91,,
70,1778,Cat91,,
102,1821,Cat91,,
74,2126,Cat93,,
55,1766,Cat91,,
44,1755,Cat91,,
81,1816,Cat91,,
58,1777,Cat91,,
42,1756,Cat91,,
84,1817,Cat91,,
97,1856,Cat91,,
94,1824,Cat91,,
55,2036,Cat92,,
57,1779,Cat91,,
47,1759,Cat91,,
41,1749,Cat91,,
65,1780,Cat91,,
111,1892,Cat91,,
38,1752,Cat91,,
88,1786,Cat91,,
37,1750,Cat91,,
45,1774,Cat91,,
79,1789,Cat91,,
163,1868,Cat91,,
110,1810,Cat91,,
69,1792,Cat91,,
65,1950,Cat92,,
67,1781,Cat91,,
61,1768,Cat91,,
151,1975,Cat92,,
184,1836,Cat91,,
62,2089,Cat92,,
89,2249,Cat92,,
57,1947,Cat92,,
186,2184,Cat93,,
110,1982,Cat92,,
85,1961,Cat92,,
95,1965,Cat92,,
59,1954,Cat92,,
60,1943,Cat92,,
93,1797,Cat91,,
71,1818,Cat91,,
53,2228,Cat92,,
50,1827,Cat92,,
112,2005,Cat92,,
63,1960,Cat92,,
56,2129,Cat93,,
93,1969,Cat92,,
129,2113,Cat92,,
60,2123,Cat93,,
39,1847,Cat92,,
72,1956,Cat92,,
46,2024,Cat92,,
54,1936,Cat92,,
39,2269,Cat93,,
49,1761,Cat91,,
76,1993,Cat92,,
51,1939,Cat92,,
86,1968,Cat92,,
109,2025,Cat91,,
48,1903,Cat92,,
72,2148,Cat93,,
108,2009,Cat92,,
66,1946,Cat92,,
75,1970,Cat92,,
40,1813,Cat92,,
83,2151,Cat93,,
51,2121,Cat93,,
50,2003,Cat93,,
44,1901,Cat92,,
64,1925,Cat92,,
108,2209,Cat93,,
102,1991,Cat92,,
70,1952,Cat92,,
75,2159,Cat93,,
58,1949,Cat92,,
80,1801,Cat91,,
81,1981,Cat92,,
47,1916,Cat92,,
55,2226,Cat93,,
127,1833,Cat91,,
84,1986,Cat92,,
111,2254,Cat92,,
94,2013,Cat92,,
97,2138,Cat92,,
41,1838,Cat92,,
80,1983,Cat92,,
37,1845,Cat92,,
38,1846,Cat92,,
88,1951,Cat92,,
45,1945,Cat92,,
163,2052,Cat92,,
79,1962,Cat92,,
111,2450,Cat93,,
65,2136,Cat93,,
184,1989,Cat92,,
67,1940,Cat92,,
89,2457,Cat93,,
62,2290,Cat93,,
151,2173,Cat93,,
61,1941,Cat92,,
87,1959,Cat92,,
110,2166,Cat93,,
186,2394,Cat94,,
96,1990,Cat92,,
95,2158,Cat93,,
85,2147,Cat93,,
59,2141,Cat93,,
73,1971,Cat92,,
71,1979,Cat92,,
118,2053,Cat92,,
53,2428,Cat93,,
112,2205,Cat93,,
186,2592,Cat95,,
93,2167,Cat93,,
60,2335,Cat94,,
63,2152,Cat93,,
46,2216,Cat93,,
56,2326,Cat94,,
129,2318,Cat93,,
100,1973,Cat92,,
54,2132,Cat93,,
109,2219,Cat92,,
49,1854,Cat92,,
39,2468,Cat94,,
60,2548,Cat95,,
43,1855,Cat92,,
86,2160,Cat93,,
100,2153,Cat93,,
72,2356,Cat94,,
74,2321,Cat94,,
49,2049,Cat93,,
56,2526,Cat95,,
42,1907,Cat92,,
57,2140,Cat93,,
83,2349,Cat94,,
51,2320,Cat94,,
64,2102,Cat93,,
44,2079,Cat93,,
108,2422,Cat94,,
102,2179,Cat93,,
42,2084,Cat93,,
74,2512,Cat95,,
91,1785,Cat91,,
43,2111,Cat93,,
75,2366,Cat94,,
47,2095,Cat93,,
55,2426,Cat94,,
127,1997,Cat92,,
97,2342,Cat93,,
80,2172,Cat93,,
41,2014,Cat93,,
69,1964,Cat92,,
81,2189,Cat93,,
94,2207,Cat93,,
88,2127,Cat93,,
37,2019,Cat93,,
38,2017,Cat93,,
84,2176,Cat93,,
163,2253,Cat93,,
184,2183,Cat93,,
111,2646,Cat94,,
65,2346,Cat94,,
45,2139,Cat93,,
89,2652,Cat94,,
62,2496,Cat94,,
67,2125,Cat93,,
151,2375,Cat94,,
61,2134,Cat93,,
87,2150,Cat93,,
110,2367,Cat94,,
96,2178,Cat93,,
113,1976,Cat92,,
85,2345,Cat94,,
95,2372,Cat94,,
59,2348,Cat94,,
93,2373,Cat94,,
112,2405,Cat94,,
96,2379,Cat94,,
53,2631,Cat94,,
118,2242,Cat93,,
71,2171,Cat93,,
73,2155,Cat93,,
46,2420,Cat94,,
76,2174,Cat93,,
63,2337,Cat94,,
79,2145,Cat93,,
129,2514,Cat94,,
48,2081,Cat93,,
109,2413,Cat93,,
66,2130,Cat93,,
40,1977,Cat93,,
39,2674,Cat95,,
50,2193,Cat94,,
92,1809,Cat91,,
54,2327,Cat94,,
99,1865,Cat91,,
133,2044,Cat91,,
147,2012,Cat91,,
78,1796,Cat91,,
128,2037,Cat91,,
40,2170,Cat94,,
92,1972,Cat92,,
177,1811,Cat91,,
164,1863,Cat91,,
126,1859,Cat91,,
105,2051,Cat91,,
133,2234,Cat92,,
137,1848,Cat91,,
117,1829,Cat91,,
90,1804,Cat91,,
106,1857,Cat91,,
123,2230,Cat91,,
156,1805,Cat91,,
104,1866,Cat91,,
166,2046,Cat91,,
121,1826,Cat91,,
153,1850,Cat91,,
82,1793,Cat91,,
137,2007,Cat92,,
90,1980,Cat92,,
183,1828,Cat91,,
98,1820,Cat91,,
107,1823,Cat91,,
101,2031,Cat91,,
114,1922,Cat91,,
160,1853,Cat91,,
77,1819,Cat91,,
137,2197,Cat93,,
167,1886,Cat91,,
134,2032,Cat91,,
119,1642,Grocery,,
132,2047,Cat91,,
200,1896,Cat91,,
228,1915,Cat91,,
225,1934,Cat91,,
203,1894,Cat91,,
214,1927,Cat91,,
125,1843,Cat91,,
137,2397,Cat94,,
154,1870,Cat91,,
120,1814,Cat91,,
143,1822,Cat91,,
207,1909,Cat91,,
206,1910,Cat91,,
170,1885,Cat91,,
213,1912,Cat91,,
210,1908,Cat91,,
146,2035,Cat91,,
214,2103,Cat92,,
219,1923,Cat91,,
216,1935,Cat91,,
143,1988,Cat92,,
218,1937,Cat91,,
180,1869,Cat91,,
195,1887,Cat91,,
148,2188,Cat91,,
68,1803,Cat91,,
201,1900,Cat91,,
187,2030,Cat91,,
171,2026,Cat91,,
131,2043,Cat91,,
168,1878,Cat91,,
155,1891,Cat91,,
161,1889,Cat91,,
60,2746,Cat96,,
86,2368,Cat94,,
148,2395,Cat92,,
100,2354,Cat94,,
72,2549,Cat95,,
49,2252,Cat94,,
174,1882,Cat91,,
70,2144,Cat93,,
58,2135,Cat93,,
161,2071,Cat92,,
86,2573,Cat95,,
102,2389,Cat94,,
57,2339,Cat94,,
51,2519,Cat95,,
91,1958,Cat92,,
64,2305,Cat94,,
42,2287,Cat94,,
74,2717,Cat96,,
97,2540,Cat94,,
44,2275,Cat94,,
43,2313,Cat94,,
127,2180,Cat93,,
47,2303,Cat94,,
51,2722,Cat96,,
55,2632,Cat95,,
81,2388,Cat94,,
80,2377,Cat94,,
69,2161,Cat93,,
74,2915,Cat97,,
41,2208,Cat94,,
94,2411,Cat94,,
38,2211,Cat94,,
84,2369,Cat94,,
37,2206,Cat94,,
184,2391,Cat94,,
163,2456,Cat94,,
41,2408,Cat95,,
65,2547,Cat95,,
111,2851,Cat95,,
89,2853,Cat95,,
45,2338,Cat94,,
62,2695,Cat95,,
67,2333,Cat94,,
151,2582,Cat95,,
186,2792,Cat96,,
87,2360,Cat94,,
152,1852,Cat91,,
110,2565,Cat95,,
85,2546,Cat95,,
113,2185,Cat93,,
45,2538,Cat95,,
93,2575,Cat95,,
112,2603,Cat95,,
95,2570,Cat95,,
118,2445,Cat94,,
53,2833,Cat95,,
96,2580,Cat95,,
76,2371,Cat94,,
186,3001,Cat97,,
73,2374,Cat94,,
71,2363,Cat94,,
109,2605,Cat94,,
63,2539,Cat95,,
129,2710,Cat95,,
46,2622,Cat95,,
48,2286,Cat94,,
66,2328,Cat94,,
115,1839,Cat91,,
54,2534,Cat95,,
39,2869,Cat96,,
147,2201,Cat92,,
50,2393,Cat95,,
99,2045,Cat92,,
124,1800,Cat91,,
122,1849,Cat91,,
40,2370,Cat95,,
177,1974,Cat92,,
92,2164,Cat93,,
164,2119,Cat92,,
117,2006,Cat92,,
128,2239,Cat92,,
78,1957,Cat92,,
133,2429,Cat93,,
105,2248,Cat92,,
116,1832,Cat91,,
156,1995,Cat92,,
126,2131,Cat92,,
106,2042,Cat92,,
123,2427,Cat92,,
78,2154,Cat93,,
121,2002,Cat92,,
117,2204,Cat93,,
104,2056,Cat92,,
141,1851,Cat91,,
106,2244,Cat93,,
82,1963,Cat92,,
130,1835,Cat91,,
98,1994,Cat92,,
160,2041,Cat92,,
107,1985,Cat92,,
101,2231,Cat92,,
114,2096,Cat92,,
183,1984,Cat92,,
167,2143,Cat92,,
77,1992,Cat92,,
134,2220,Cat92,,
103,1806,Cat91,,
225,2124,Cat92,,
228,2099,Cat92,,
132,2241,Cat92,,
119,1643,Medicine,,
154,2050,Cat92,,
203,2072,Cat92,,
125,2008,Cat92,,
137,2597,Cat95,,
209,1930,Cat91,,
206,2090,Cat92,,
120,1987,Cat92,,
207,2086,Cat92,,
200,2073,Cat92,,
170,2038,Cat92,,
146,2212,Cat92,,
158,1834,Cat91,,
214,2306,Cat93,,
213,2087,Cat92,,
216,2108,Cat92,,
218,2117,Cat92,,
219,2101,Cat92,,
143,2168,Cat93,,
201,2067,Cat92,,
180,2061,Cat92,,
56,2727,Cat96,,
125,2199,Cat93,,
168,2054,Cat92,,
195,2062,Cat92,,
68,1966,Cat92,,
131,2229,Cat92,,
219,2300,Cat93,,
83,2545,Cat95,,
180,2267,Cat93,,
108,2629,Cat95,,
60,2944,Cat97,,
171,2222,Cat92,,
155,2068,Cat92,,
49,2455,Cat95,,
100,2561,Cat95,,
174,2063,Cat92,,
86,2777,Cat96,,
58,2331,Cat94,,
72,2752,Cat96,,
161,2277,Cat93,,
102,2584,Cat95,,
64,2513,Cat95,,
75,2569,Cat95,,
91,2146,Cat93,,
70,2353,Cat94,,
57,2541,Cat95,,
97,2741,Cat95,,
88,2330,Cat94,,
42,2487,Cat95,,
44,2483,Cat95,,
43,2516,Cat95,,
55,2828,Cat96,,
47,2503,Cat95,,
127,2382,Cat94,,
81,2583,Cat95,,
61,2334,Cat94,,
69,2352,Cat94,,
51,2919,Cat97,,
74,3126,Cat98,,
80,2581,Cat95,,
55,3031,Cat97,,
38,2416,Cat95,,
37,2400,Cat95,,
65,2739,Cat96,,
94,2618,Cat95,,
41,2616,Cat96,,
163,2653,Cat95,,
111,3061,Cat96,,
184,2591,Cat95,,
74,3320,Cat99,,
62,2894,Cat96,,
59,2555,Cat95,,
87,2560,Cat95,,
89,3056,Cat96,,
151,2770,Cat96,,
152,2122,Cat92,,
110,2768,Cat96,,
85,2742,Cat96,,
74,3590,Cat100,,
93,2790,Cat96,,
79,2350,Cat94,,
53,3039,Cat96,,
95,2767,Cat96,,
96,2781,Cat96,,
45,2743,Cat96,,
112,2802,Cat96,,
71,2567,Cat95,,
118,2655,Cat95,,
76,2577,Cat95,,
73,2566,Cat95,,
110,2969,Cat97,,
109,2805,Cat95,,
95,2966,Cat97,,
63,2745,Cat96,,
46,2818,Cat96,,
54,2738,Cat96,,
48,2488,Cat95,,
66,2536,Cat95,,
115,2018,Cat92,,
124,1967,Cat92,,
39,3073,Cat97,,
147,2406,Cat93,,
122,2048,Cat92,,
50,2595,Cat96,,
99,2235,Cat93,,
92,2364,Cat94,,
164,2319,Cat93,,
40,2590,Cat96,,
177,2163,Cat93,,
166,2245,Cat92,,
105,2443,Cat93,,
133,2625,Cat94,,
153,2106,Cat92,,
128,2446,Cat93,,
166,2444,Cat93,,
90,2157,Cat93,,
156,2186,Cat93,,
116,2016,Cat92,,
78,2347,Cat94,,
126,2343,Cat93,,
123,2624,Cat93,,
117,2407,Cat94,,
104,2246,Cat93,,
141,2021,Cat92,,
130,2010,Cat92,,
106,2440,Cat94,,
117,2601,Cat95,,
101,2430,Cat93,,
107,2169,Cat93,,
160,2240,Cat93,,
114,2295,Cat93,,
77,2175,Cat93,,
98,2181,Cat93,,
106,2637,Cat95,,
103,1996,Cat92,,
183,2182,Cat93,,
134,2423,Cat93,,
167,2341,Cat93,,
119,1650,Organic,,
225,2314,Cat93,,
132,2434,Cat93,,
154,2251,Cat93,,
137,2796,Cat96,,
210,2085,Cat92,,
203,2263,Cat93,,
207,2284,Cat93,,
120,2177,Cat93,,
206,2299,Cat93,,
200,2276,Cat93,,
209,2100,Cat92,,
170,2238,Cat93,,
146,2418,Cat93,,
218,2317,Cat93,,
214,2515,Cat94,,
216,2315,Cat93,,
158,1998,Cat92,,
187,2221,Cat92,,
213,2289,Cat93,,
148,2596,Cat93,,
201,2259,Cat93,,
125,2399,Cat94,,
213,2490,Cat94,,
219,2509,Cat94,,
56,2933,Cat97,,
131,2424,Cat93,,
68,2149,Cat93,,
168,2257,Cat93,,
180,2477,Cat94,,
108,2825,Cat96,,
60,3150,Cat98,,
83,2757,Cat96,,
174,2260,Cat93,,
155,2266,Cat93,,
100,2760,Cat96,,
49,2654,Cat96,,
200,2475,Cat94,,
171,2425,Cat93,,
204,1914,Cat91,,
145,2015,Cat91,,
58,2537,Cat95,,
86,2974,Cat97,,
161,2472,Cat94,,
72,2948,Cat97,,
64,2714,Cat96,,
91,2344,Cat94,,
70,2551,Cat95,,
83,2960,Cat97,,
42,2688,Cat96,,
57,2740,Cat96,,
88,2530,Cat95,,
97,2952,Cat96,,
84,2572,Cat95,,
127,2574,Cat95,,
47,2704,Cat96,,
44,2680,Cat96,,
43,2721,Cat96,,
81,2786,Cat96,,
69,2558,Cat95,,
61,2535,Cat95,,
51,3120,Cat98,,
102,2771,Cat96,,
37,2602,Cat96,,
67,2531,Cat95,,
38,2620,Cat96,,
65,2943,Cat97,,
80,2787,Cat96,,
163,2857,Cat96,,
62,3088,Cat97,,
59,2753,Cat96,,
37,2795,Cat97,,
55,3223,Cat98,,
113,2381,Cat94,,
94,2821,Cat96,,
184,2789,Cat96,,
111,3255,Cat97,,
87,2761,Cat96,,
93,2992,Cat97,,
89,3243,Cat97,,
151,2971,Cat97,,
79,2552,Cat95,,
186,3190,Cat98,,
152,2322,Cat93,,
85,2941,Cat97,,
94,3006,Cat97,,
96,2978,Cat97,,
112,3010,Cat97,,
87,2962,Cat97,,
95,3177,Cat98,,
45,2942,Cat97,,
129,2901,Cat96,,
71,2826,Cat96,,
46,3020,Cat97,,
76,2762,Cat96,,
63,2931,Cat97,,
73,2765,Cat96,,
110,3165,Cat98,,
109,2995,Cat96,,
39,3260,Cat98,,
147,2681,Cat94,,
54,2939,Cat97,,
48,2691,Cat96,,
66,2905,Cat96,,
115,2214,Cat93,,
124,2165,Cat93,,
122,2243,Cat93,,
99,2438,Cat94,,
121,2198,Cat93,,
133,2824,Cat95,,
40,2775,Cat97,,
66,3115,Cat97,,
164,2517,Cat94,,
110,3364,Cat99,,
92,2563,Cat95,,
105,2651,Cat94,,
90,2357,Cat94,,
153,2310,Cat93,,
128,2642,Cat94,,
82,2162,Cat93,,
110,3730,Cat100,,
40,2991,Cat98,,
126,2544,Cat94,,
105,2845,Cat95,,
123,2832,Cat94,,
141,2225,Cat93,,
104,2441,Cat94,,
101,2623,Cat94,,
117,2808,Cat96,,
228,2302,Cat93,,
130,2187,Cat93,,
166,2659,Cat94,,
114,2495,Cat94,,
160,2452,Cat94,,
105,3043,Cat96,,
98,2383,Cat94,,
77,2376,Cat94,,
134,2613,Cat94,,
106,2843,Cat96,,
225,2522,Cat94,,
167,2542,Cat94,,
103,2192,Cat93,,
132,2636,Cat94,,
154,2454,Cat94,,
207,2500,Cat94,,
183,2386,Cat94,,
210,2282,Cat93,,
120,2380,Cat94,,
203,2473,Cat94,,
143,2361,Cat94,,
137,3013,Cat97,,
209,2308,Cat93,,
146,2617,Cat94,,
170,2436,Cat94,,
206,2505,Cat94,,
216,2521,Cat94,,
195,2262,Cat93,,
214,2709,Cat95,,
187,2421,Cat93,,
218,2529,Cat94,,
158,2194,Cat93,,
209,2506,Cat94,,
148,2800,Cat94,,
168,2461,Cat94,,
219,2716,Cat95,,
68,2351,Cat94,,
131,2626,Cat94,,
213,2697,Cat95,,
56,3143,Cat98,,
125,2594,Cat95,,
60,3351,Cat99,,
180,2669,Cat95,,
100,2959,Cat97,,
174,2467,Cat94,,
75,2772,Cat96,,
49,2850,Cat97,,
200,2676,Cat95,,
108,3029,Cat97,,
155,2471,Cat94,,
145,2213,Cat92,,
136,2027,Cat91,,
226,1926,Cat91,,
56,3326,Cat99,,
185,2028,Cat91,,
198,1905,Cat91,,
75,2965,Cat97,,
161,2675,Cat95,,
171,2630,Cat94,,
64,2920,Cat97,,
108,3221,Cat98,,
58,2726,Cat96,,
135,1864,Cat91,,
42,2891,Cat97,,
83,3159,Cat98,,
70,2747,Cat96,,
127,2784,Cat96,,
86,3181,Cat98,,
47,2912,Cat97,,
84,2776,Cat96,,
88,2728,Cat96,,
97,3157,Cat97,,
57,2940,Cat97,,
44,2896,Cat97,,
43,2926,Cat97,,
51,3321,Cat99,,
81,2996,Cat97,,
41,2807,Cat97,,
61,2917,Cat96,,
102,2975,Cat97,,
67,2736,Cat96,,
38,2814,Cat97,,
69,2763,Cat96,,
80,2986,Cat97,,
65,3137,Cat98,,
62,3292,Cat98,,
113,2593,Cat95,,
41,3014,Cat98,,
163,3071,Cat97,,
37,3002,Cat98,,
111,3494,Cat98,,
53,3235,Cat97,,
184,2984,Cat97,,
89,3430,Cat98,,
59,2953,Cat97,,
186,3389,Cat99,,
181,1875,Cat91,,
221,1904,Cat91,,
163,3268,Cat98,,
138,1872,Cat91,,
179,1874,Cat91,,
53,3575,Cat98,,
212,1906,Cat91,,
157,2223,Cat91,,
79,2759,Cat96,,
118,2860,Cat96,,
151,3173,Cat98,,
93,3203,Cat98,,
94,3215,Cat98,,
212,2092,Cat92,,
152,2525,Cat94,,
85,3139,Cat98,,
87,3162,Cat98,,
95,3378,Cat99,,
112,3194,Cat98,,
45,3147,Cat98,,
96,3178,Cat98,,
63,3129,Cat98,,
85,3337,Cat99,,
46,3232,Cat98,,
76,2967,Cat97,,
73,2982,Cat97,,
50,2783,Cat97,,
157,2435,Cat92,,
109,3191,Cat97,,
39,3439,Cat99,,
177,2359,Cat94,,
48,2904,Cat97,,
115,2415,Cat94,,
147,2877,Cat95,,
54,3145,Cat98,,
124,2362,Cat94,,
122,2439,Cat94,,
99,2634,Cat95,,
66,3311,Cat98,,
133,3030,Cat96,,
121,2403,Cat94,,
156,2387,Cat94,,
39,3609,Cat100,,
164,2715,Cat95,,
107,2365,Cat94,,
116,2203,Cat93,,
128,2834,Cat95,,
124,2568,Cat95,,
90,2556,Cat95,,
133,3226,Cat97,,
153,2511,Cat94,,
126,2729,Cat95,,
82,2358,Cat94,,
141,2417,Cat94,,
123,3027,Cat95,,
117,3005,Cat97,,
228,2494,Cat94,,
107,2578,Cat95,,
101,2816,Cat95,,
104,2638,Cat95,,
130,2384,Cat94,,
114,2696,Cat95,,
160,2641,Cat95,,
153,2713,Cat95,,
141,2621,Cat95,,
98,2586,Cat95,,
106,3037,Cat97,,
228,2698,Cat95,,
104,2844,Cat96,,
225,2719,Cat95,,
167,2744,Cat95,,
103,2392,Cat94,,
154,2648,Cat95,,
132,2835,Cat95,,
225,2909,Cat96,,
207,2699,Cat95,,
183,2585,Cat95,,
210,2489,Cat94,,
143,2562,Cat95,,
137,3220,Cat98,,
120,2571,Cat95,,
201,2459,Cat94,,
216,2725,Cat95,,
132,3033,Cat96,,
206,2711,Cat95,,
170,2643,Cat95,,
225,3121,Cat97,,
183,2785,Cat96,,
218,2735,Cat95,,
214,2916,Cat96,,
195,2458,Cat94,,
148,2997,Cat95,,
125,2780,Cat96,,
209,2707,Cat95,,
219,3079,Cat96,,
170,2849,Cat96,,
168,2670,Cat95,,
68,2550,Cat95,,
100,3154,Cat98,,
131,2819,Cat95,,
204,2091,Cat92,,
174,2666,Cat95,,
60,3721,Cat100,,
155,2664,Cat95,,
180,2875,Cat96,,
91,2543,Cat95,,
49,3050,Cat98,,
131,3019,Cat96,,
145,2409,Cat93,,
100,3361,Cat99,,
56,3591,Cat100,,
226,2110,Cat92,,
198,2080,Cat92,,
171,2827,Cat95,,
161,2870,Cat96,,
180,3074,Cat97,,
75,3175,Cat98,,
64,3117,Cat98,,
145,2611,Cat94,,
72,3141,Cat98,,
135,2060,Cat92,,
70,2950,Cat97,,
127,2980,Cat97,,
42,3097,Cat98,,
83,3367,Cat99,,
86,3386,Cat99,,
47,3109,Cat98,,
58,2932,Cat97,,
84,2977,Cat97,,
88,2925,Cat97,,
44,3089,Cat98,,
81,3201,Cat98,,
97,3356,Cat98,,
51,3697,Cat100,,
102,3174,Cat98,,
43,3134,Cat98,,
55,3426,Cat99,,
61,3122,Cat97,,
67,2937,Cat97,,
38,3012,Cat98,,
80,3180,Cat98,,
69,2958,Cat97,,
65,3334,Cat99,,
62,3557,Cat99,,
142,2202,Cat91,,
41,3207,Cat99,,
37,3210,Cat99,,
57,3138,Cat98,,
193,1883,Cat91,,
59,3151,Cat98,,
89,3485,Cat99,,
111,3599,Cat99,,
184,3189,Cat98,,
186,3543,Cat100,,
163,3517,Cat99,,
181,2112,Cat92,,
221,2077,Cat92,,
149,1860,Cat91,,
179,2058,Cat92,,
53,3674,Cat99,,
129,3102,Cat97,,
138,2109,Cat92,,
79,2957,Cat97,,
93,3393,Cat99,,
118,3054,Cat97,,
151,3371,Cat99,,
212,2296,Cat93,,
94,3404,Cat99,,
71,3036,Cat97,,
87,3359,Cat99,,
95,3460,Cat100,,
112,3409,Cat99,,
152,2733,Cat95,,
85,3709,Cat100,,
73,3171,Cat98,,
96,3374,Cat99,,
46,3414,Cat99,,
45,3347,Cat99,,
113,2797,Cat96,,
63,3328,Cat99,,
157,2649,Cat93,,
76,3169,Cat98,,
152,2928,Cat96,,
50,2979,Cat98,,
109,3394,Cat98,,
177,2557,Cat95,,
115,2609,Cat95,,
54,3349,Cat99,,
92,2766,Cat96,,
147,3081,Cat96,,
48,3100,Cat98,,
122,2645,Cat95,,
156,2588,Cat95,,
40,3186,Cat99,,
99,2837,Cat96,,
66,3579,Cat99,,
177,2750,Cat96,,
133,3425,Cat98,,
128,3041,Cat96,,
116,2402,Cat94,,
82,2553,Cat95,,
166,2854,Cat95,,
50,3179,Cat99,,
124,2764,Cat96,,
126,2949,Cat96,,
105,3248,Cat97,,
123,3222,Cat96,,
77,2576,Cat95,,
128,3234,Cat97,,
90,2754,Cat96,,
116,2598,Cat95,,
134,2811,Cat95,,
117,3205,Cat98,,
101,3023,Cat96,,
107,2778,Cat96,,
160,2838,Cat96,,
153,2923,Cat96,,
167,2935,Cat96,,
116,2812,Cat96,,
114,2889,Cat96,,
98,2788,Cat96,,
104,3034,Cat97,,
117,3411,Cat99,,
106,3238,Cat98,,
141,2823,Cat96,,
103,2606,Cat95,,
154,2848,Cat96,,
146,2817,Cat95,,
137,3424,Cat99,,
158,2398,Cat94,,
187,2628,Cat94,,
207,2897,Cat96,,
143,2758,Cat96,,
210,2693,Cat95,,
216,2914,Cat96,,
120,2769,Cat96,,
201,2667,Cat95,,
103,2793,Cat96,,
132,3227,Cat97,,
183,2987,Cat97,,
225,3318,Cat98,,
218,2936,Cat96,,
201,2865,Cat96,,
125,2990,Cat97,,
209,2903,Cat96,,
195,2658,Cat95,,
206,2924,Cat96,,
68,2737,Cat96,,
168,2874,Cat96,,
170,3049,Cat97,,
214,3111,Cat97,,
211,1919,Cat91,,
219,3274,Cat97,,
202,1898,Cat91,,
173,1890,Cat91,,
208,1928,Cat91,,
144,1897,Cat91,,
205,1902,Cat91,,
178,1871,Cat91,,
165,1877,Cat91,,
188,1879,Cat91,,
192,1867,Cat91,,
139,1953,Cat91,,
223,1913,Cat91,,
159,2033,Cat91,,
182,2029,Cat91,,
169,2040,Cat91,,
199,1888,Cat91,,
176,2022,Cat91,,
150,2039,Cat91,,
190,1899,Cat91,,
175,1893,Cat91,,
162,2020,Cat91,,
196,1861,Cat91,,
227,1921,Cat91,,
230,1931,Cat91,,
172,1881,Cat91,,
176,2215,Cat92,,
224,1917,Cat91,,
217,1918,Cat91,,
191,1873,Cat91,,
229,1944,Cat91,,
197,1880,Cat91,,
189,1895,Cat91,,
194,1876,Cat91,,
215,1911,Cat91,,
220,1932,Cat91,,
200,2876,Cat96,,
204,2293,Cat93,,
131,3237,Cat97,,
136,2217,Cat92,,
140,2034,Cat91,,
49,3257,Cat99,,
100,3732,Cat100,,
174,2873,Cat96,,
91,2748,Cat96,,
185,2232,Cat92,,
155,2868,Cat96,,
131,3448,Cat98,,
226,2304,Cat93,,
108,3420,Cat99,,
161,3070,Cat97,,
145,2804,Cat95,,
64,3313,Cat99,,
75,3377,Cat99,,
180,3278,Cat98,,
171,3026,Cat96,,
72,3345,Cat99,,
70,3149,Cat98,,
185,2432,Cat93,,
84,3184,Cat98,,
58,3131,Cat98,,
135,2265,Cat93,,
86,3464,Cat100,,
47,3301,Cat99,,
83,3729,Cat100,,
161,3272,Cat98,,
42,3360,Cat99,,
97,3722,Cat99,,
44,3284,Cat99,,
43,3339,Cat99,,
81,3392,Cat99,,
58,3329,Cat99,,
61,3319,Cat98,,
55,3483,Cat100,,
69,3156,Cat98,,
47,3566,Cat100,,
80,3380,Cat99,,
57,3338,Cat99,,
37,3401,Cat100,,
62,3658,Cat100,,
102,3369,Cat99,,
41,3399,Cat100,,
142,2404,Cat92,,
59,3346,Cat99,,
65,3705,Cat100,,
89,3512,Cat100,,
193,2057,Cat92,,
111,3605,Cat100,,
181,2311,Cat93,,
221,2274,Cat93,,
53,3690,Cat100,,
163,3625,Cat100,,
179,2256,Cat93,,
79,3160,Cat98,,
184,3384,Cat99,,
149,2115,Cat92,,
129,3296,Cat98,,
138,2312,Cat93,,
93,3553,Cat100,,
87,3725,Cat100,,
118,3254,Cat98,,
212,2493,Cat94,,
94,3470,Cat100,,
151,3455,Cat100,,
112,3467,Cat100,,
71,3239,Cat98,,
78,2554,Cat95,,
45,3707,Cat100,,
46,3474,Cat100,,
96,3461,Cat100,,
113,2994,Cat97,,
63,3642,Cat100,,
73,3372,Cat99,,
76,3363,Cat99,,
152,3133,Cat97,,
121,2614,Cat95,,
54,3714,Cat100,,
115,2820,Cat96,,
164,2918,Cat96,,
76,3727,Cat100,,
152,3310,Cat98,,
156,2773,Cat96,,
157,2841,Cat94,,
48,3300,Cat99,,
147,3267,Cat97,,
66,3675,Cat100,,
99,3038,Cat97,,
40,3376,Cat100,,
177,2951,Cat97,,
130,2600,Cat95,,
157,3045,Cat95,,
166,3055,Cat96,,
152,3583,Cat99,,
82,2751,Cat96,,
92,2973,Cat97,,
124,2961,Cat97,,
126,3152,Cat97,,
77,2815,Cat96,,
105,3450,Cat98,,
128,3440,Cat98,,
157,3240,Cat96,,
203,2671,Cat95,,
50,3383,Cat100,,
90,2954,Cat97,,
228,2888,Cat96,,
101,3225,Cat97,,
153,3144,Cat97,,
167,3128,Cat97,,
114,3091,Cat97,,
134,3007,Cat96,,
116,3008,Cat97,,
107,2985,Cat97,,
160,3044,Cat97,,
98,2983,Cat97,,
117,3555,Cat100,,
104,3245,Cat98,,
137,3751,Cat100,,
106,3434,Cat99,,
141,3015,Cat97,,
146,3022,Cat96,,
154,3048,Cat97,,
207,3105,Cat97,,
158,2599,Cat95,,
148,3196,Cat96,,
187,2829,Cat95,,
143,2968,Cat97,,
213,2890,Cat96,,
216,3114,Cat97,,
103,3003,Cat97,,
210,2899,Cat96,,
132,3435,Cat98,,
183,3193,Cat98,,
225,3698,Cat99,,
209,3101,Cat97,,
195,2861,Cat96,,
125,3188,Cat98,,
120,2964,Cat97,,
218,3136,Cat97,,
158,2794,Cat96,,
206,3125,Cat97,,
68,2930,Cat97,,
168,3075,Cat97,,
125,3385,Cat99,,
214,3314,Cat98,,
170,3253,Cat98,,
208,2093,Cat92,,
211,2078,Cat92,,
144,2076,Cat92,,
219,3533,Cat98,,
178,2059,Cat92,,
139,2142,Cat92,,
188,2070,Cat92,,
223,2083,Cat92,,
159,2237,Cat92,,
173,2064,Cat92,,
165,2055,Cat92,,
205,2082,Cat92,,
192,2116,Cat92,,
199,2247,Cat92,,
169,2236,Cat92,,
175,2069,Cat92,,
222,1929,Cat91,,
190,2075,Cat92,,
150,2233,Cat92,,
162,2210,Cat92,,
182,2227,Cat92,,
230,2107,Cat92,,
172,2128,Cat92,,
176,2419,Cat93,,
229,2133,Cat92,,
227,2097,Cat92,,
196,2118,Cat92,,
224,2098,Cat92,,
217,2094,Cat92,,
199,2448,Cat93,,
197,2268,Cat92,,
189,2065,Cat92,,
215,2088,Cat92,,
194,2250,Cat92,,
220,2120,Cat92,,
140,2224,Cat92,,
227,2292,Cat93,,
204,2499,Cat94,,
200,3084,Cat97,,
224,2294,Cat93,,
174,3076,Cat97,,
49,3501,Cat100,,
91,2947,Cat97,,
226,2510,Cat94,,
108,3750,Cat100,,
155,3065,Cat97,,
127,3187,Cat98,,
131,3757,Cat99,,
64,3694,Cat100,,
145,3000,Cat96,,
174,3282,Cat98,,
88,3124,Cat98,,
91,3148,Cat98,,
180,3529,Cat99,,
75,3532,Cat100,,
185,2635,Cat94,,
145,3209,Cat97,,
171,3217,Cat97,,
155,3265,Cat98,,
174,3534,Cat99,,
84,3381,Cat99,,
88,3315,Cat99,,
42,3728,Cat100,,
97,3747,Cat100,,
58,3641,Cat100,,
44,3535,Cat100,,
81,3508,Cat100,,
43,3702,Cat100,,
69,3342,Cat99,,
80,3457,Cat100,,
61,3695,Cat99,,
57,3703,Cat100,,
59,3713,Cat100,,
142,2615,Cat93,,
181,2508,Cat94,,
221,2463,Cat94,,
193,2264,Cat93,,
184,3548,Cat100,,
102,3736,Cat100,,
79,3352,Cat99,,
138,2523,Cat94,,
149,2316,Cat93,,
129,3559,Cat99,,
142,2806,Cat94,,
212,2706,Cat95,,
118,3454,Cat99,,
78,2756,Cat96,,
109,3551,Cat99,,
122,2836,Cat96,,
179,2449,Cat94,,
73,3459,Cat100,,
113,3202,Cat98,,
121,2801,Cat96,,
142,3009,Cat95,,
156,2970,Cat97,,
48,3561,Cat100,,
115,3024,Cat97,,
133,3749,Cat99,,
147,3518,Cat98,,
119,1718,aa,,
130,2799,Cat96,,
166,3270,Cat97,,
123,3419,Cat97,,
152,3681,Cat100,,
82,2956,Cat97,,
126,3343,Cat98,,
99,3236,Cat98,,
177,3158,Cat98,,
77,3016,Cat97,,
92,3168,Cat98,,
203,2881,Cat96,,
157,3428,Cat97,,
124,3166,Cat98,,
167,3325,Cat98,,
105,3687,Cat99,,
90,3266,Cat98,,
128,3618,Cat99,,
153,3341,Cat98,,
228,3090,Cat97,,
116,3212,Cat98,,
92,3370,Cat99,,
114,3287,Cat98,,
134,3206,Cat97,,
104,3437,Cat99,,
107,3183,Cat98,,
106,3626,Cat100,,
141,3218,Cat98,,
146,3216,Cat97,,
98,3192,Cat98,,
160,3246,Cat98,,
213,3092,Cat97,,
154,3249,Cat98,,
148,3395,Cat97,,
207,3303,Cat98,,
143,3167,Cat98,,
216,3306,Cat98,,
201,3064,Cat97,,
210,3098,Cat97,,
103,3204,Cat98,,
202,2074,Cat92,,
132,3632,Cat99,,
209,3297,Cat98,,
187,3021,Cat96,,
120,3163,Cat98,,
218,3335,Cat98,,
195,3052,Cat97,,
183,3398,Cat99,,
158,2988,Cat97,,
225,3726,Cat100,,
170,3493,Cat99,,
208,2291,Cat93,,
209,3569,Cat99,,
206,3331,Cat98,,
211,2285,Cat93,,
68,3130,Cat98,,
168,3269,Cat98,,
219,3647,Cat99,,
214,3582,Cat99,,
158,3185,Cat98,,
223,2288,Cat93,,
178,2261,Cat93,,
165,2255,Cat93,,
159,2433,Cat93,,
139,2340,Cat93,,
205,2280,Cat93,,
214,3680,Cat100,,
188,2273,Cat93,,
150,2437,Cat93,,
162,2410,Cat93,,
165,2465,Cat94,,
175,2279,Cat93,,
190,2270,Cat93,,
191,2066,Cat92,,
222,2104,Cat92,,
182,2431,Cat93,,
230,2301,Cat93,,
196,2329,Cat93,,
229,2332,Cat93,,
176,2608,Cat94,,
198,2447,Cat93,,
136,2414,Cat93,,
168,3521,Cat99,,
197,2462,Cat93,,
199,2644,Cat94,,
217,2297,Cat93,,
194,2451,Cat93,,
189,2271,Cat93,,
220,2324,Cat93,,
215,2283,Cat93,,
204,2694,Cat95,,
229,2533,Cat94,,
224,2501,Cat94,,
200,3279,Cat98,,
140,2442,Cat93,,
70,3353,Cat99,,
72,3711,Cat100,,
226,2723,Cat95,,
67,3142,Cat98,,
189,2478,Cat94,,
91,3355,Cat99,,
161,3525,Cat99,,
131,3764,Cat100,,
38,3214,Cat99,,
127,3375,Cat99,,
180,3645,Cat100,,
171,3417,Cat98,,
174,3648,Cat100,,
185,2846,Cat95,,
145,3400,Cat98,,
155,3514,Cat99,,
88,3693,Cat100,,
172,2323,Cat93,,
61,3724,Cat100,,
69,3715,Cat100,,
79,3723,Cat100,,
71,3436,Cat99,,
181,2712,Cat95,,
221,2663,Cat95,,
193,2464,Cat94,,
149,2527,Cat94,,
138,2720,Cat95,,
181,2921,Cat96,,
221,2863,Cat96,,
164,3116,Cat97,,
122,3042,Cat97,,
212,2906,Cat96,,
84,3463,Cat100,,
109,3654,Cat100,,
138,2907,Cat96,,
179,2650,Cat95,,
78,2963,Cat97,,
115,3285,Cat98,,
133,3761,Cat100,,
156,3176,Cat98,,
142,3198,Cat96,,
113,3387,Cat99,,
166,3511,Cat98,,
147,3594,Cat99,,
119,2195,Cat91,,
82,3164,Cat98,,
130,3004,Cat97,,
126,3712,Cat99,,
99,3427,Cat99,,
77,3228,Cat98,,
177,3350,Cat99,,
101,3447,Cat98,,
147,3604,Cat100,,
105,3692,Cat100,,
90,3499,Cat99,,
167,3627,Cat99,,
203,3085,Cat97,,
157,3484,Cat98,,
128,3624,Cat100,,
153,3710,Cat99,,
134,3405,Cat98,,
123,3478,Cat98,,
228,3289,Cat98,,
114,3546,Cat99,,
92,3738,Cat100,,
104,3755,Cat100,,
107,3444,Cat99,,
116,3410,Cat99,,
153,3744,Cat100,,
141,3415,Cat99,,
154,3449,Cat99,,
134,3612,Cat99,,
148,3466,Cat98,,
114,3655,Cat100,,
207,3564,Cat99,,
143,3368,Cat99,,
134,3628,Cat100,,
216,3571,Cat99,,
210,3291,Cat98,,
141,3479,Cat100,,
132,3666,Cat100,,
103,3406,Cat99,,
213,3295,Cat98,,
125,3550,Cat100,,
207,3662,Cat100,,
143,3737,Cat100,,
195,3250,Cat98,,
183,3468,Cat100,,
144,2272,Cat93,,
211,2486,Cat94,,
208,2502,Cat94,,
206,3640,Cat99,,
120,3357,Cat99,,
68,3333,Cat99,,
170,3549,Cat100,,
173,2258,Cat93,,
219,3679,Cat100,,
158,3388,Cat99,,
192,2325,Cat93,,
139,2559,Cat94,,
169,2453,Cat93,,
159,2633,Cat94,,
223,2480,Cat94,,
120,3733,Cat100,,
173,2460,Cat94,,
205,2484,Cat94,,
191,2278,Cat93,,
165,2673,Cat95,,
162,2607,Cat94,,
209,3669,Cat100,,
190,2474,Cat94,,
175,2476,Cat94,,
230,2498,Cat94,,
150,2639,Cat94,,
168,3631,Cat100,,
196,2524,Cat94,,
136,2627,Cat94,,
182,2619,Cat94,,
198,2657,Cat94,,
227,2492,Cat94,,
150,2842,Cat95,,
176,2810,Cat95,,
222,2298,Cat93,,
217,2491,Cat94,,
229,2730,Cat95,,
204,2887,Cat96,,
215,2479,Cat94,,
135,2466,Cat94,,
220,2520,Cat94,,
194,2661,Cat94,,
140,2640,Cat94,,
199,2840,Cat95,,
200,3536,Cat99,,
91,3717,Cat100,,
70,3716,Cat100,,
189,2677,Cat95,,
67,3336,Cat99,,
226,2922,Cat96,,
161,3637,Cat100,,
224,2701,Cat95,,
127,3462,Cat100,,
145,3556,Cat99,,
171,3477,Cat99,,
185,3047,Cat96,,
172,2518,Cat94,,
155,3595,Cat100,,
129,3664,Cat100,,
118,3689,Cat100,,
224,2902,Cat96,,
71,3754,Cat100,,
121,2999,Cat97,,
38,3402,Cat100,,
193,2662,Cat95,,
221,3059,Cat97,,
212,3104,Cat97,,
149,2734,Cat95,,
122,3242,Cat98,,
224,3113,Cat97,,
164,3322,Cat98,,
138,3119,Cat97,,
142,3413,Cat97,,
179,2852,Cat96,,
113,3539,Cat100,,
221,3247,Cat98,,
115,3537,Cat99,,
124,3365,Cat99,,
193,2866,Cat96,,
166,3589,Cat99,,
82,3366,Cat99,,
130,3219,Cat98,,
126,3745,Cat100,,
99,3482,Cat100,,
101,3756,Cat99,,
177,3720,Cat100,,
167,3676,Cat100,,
124,3735,Cat100,,
77,3422,Cat99,,
157,3515,Cat99,,
203,3283,Cat98,,
101,3762,Cat100,,
123,3503,Cat99,,
146,3412,Cat98,,
160,3453,Cat99,,
116,3472,Cat100,,
201,3271,Cat98,,
98,3391,Cat99,,
107,3685,Cat100,,
154,3759,Cat100,,
148,3491,Cat99,,
218,3700,Cat99,,
187,3230,Cat97,,
157,3572,Cat100,,
216,3670,Cat100,,
210,3619,Cat99,,
103,3611,Cat100,,
213,3616,Cat99,,
195,3446,Cat99,,
144,2470,Cat94,,
206,3688,Cat100,,
208,2702,Cat95,,
211,2689,Cat95,,
68,3701,Cat100,,
178,2469,Cat94,,
188,2481,Cat94,,
139,2749,Cat95,,
158,3544,Cat100,,
192,2528,Cat94,,
169,2647,Cat94,,
144,2678,Cat95,,
223,2686,Cat95,,
165,2871,Cat96,,
191,2482,Cat94,,
159,2831,Cat95,,
205,2679,Cat95,,
162,2798,Cat95,,
190,2682,Cat95,,
197,2660,Cat94,,
230,2705,Cat95,,
169,2847,Cat95,,
136,2830,Cat95,,
182,2822,Cat95,,
192,2724,Cat95,,
176,3017,Cat96,,
196,2731,Cat95,,
150,3046,Cat96,,
222,2497,Cat94,,
227,2685,Cat95,,
220,2774,Cat95,,
135,2665,Cat95,,
215,2687,Cat95,,
204,3095,Cat97,,
194,2856,Cat95,,
199,3040,Cat96,,
229,2938,Cat96,,
217,2690,Cat95,,
140,2839,Cat95,,
189,2882,Cat96,,
200,3650,Cat100,,
199,3244,Cat97,,
67,3704,Cat100,,
226,3132,Cat97,,
171,3506,Cat100,,
215,2883,Cat96,,
78,3161,Cat98,,
185,3252,Cat97,,
212,3307,Cat98,,
149,2929,Cat96,,
172,2718,Cat95,,
121,3199,Cat98,,
156,3379,Cat99,,
224,3317,Cat98,,
164,3587,Cat99,,
119,2378,Cat92,,
122,3451,Cat99,,
138,3309,Cat98,,
115,3652,Cat100,,
142,3475,Cat98,,
90,3621,Cat100,,
221,3441,Cat99,,
193,3068,Cat97,,
166,3603,Cat100,,
130,3416,Cat99,,
179,3066,Cat97,,
82,3734,Cat100,,
228,3547,Cat99,,
160,3758,Cat100,,
202,2281,Cat93,,
146,3471,Cat99,,
203,3538,Cat99,,
130,3476,Cat100,,
142,3504,Cat99,,
179,3324,Cat98,,
187,3421,Cat98,,
218,3740,Cat100,,
210,3635,Cat100,,
148,3524,Cat100,,
195,3565,Cat100,,
213,3636,Cat100,,
211,2885,Cat96,,
173,2656,Cat95,,
77,3752,Cat100,,
208,2895,Cat96,,
188,2684,Cat95,,
139,2946,Cat96,,
144,2880,Cat96,,
175,2668,Cat95,,
173,2855,Cat96,,
198,2864,Cat95,,
165,3072,Cat97,,
178,2672,Cat95,,
191,2692,Cat95,,
159,3035,Cat96,,
205,2872,Cat96,,
162,2993,Cat96,,
197,2862,Cat95,,
190,2884,Cat96,,
169,3051,Cat96,,
136,3028,Cat96,,
182,3025,Cat96,,
192,2927,Cat96,,
196,2934,Cat96,,
150,3241,Cat97,,
176,3213,Cat97,,
222,2700,Cat95,,
220,2976,Cat96,,
229,3135,Cat97,,
181,3118,Cat97,,
194,3058,Cat96,,
135,2859,Cat96,,
230,2913,Cat96,,
145,3659,Cat100,,
204,3293,Cat98,,
227,2892,Cat96,,
217,2898,Cat96,,
140,3032,Cat96,,
189,3077,Cat97,,
78,3358,Cat99,,
199,3431,Cat98,,
215,3082,Cat97,,
185,3442,Cat98,,
212,3570,Cat99,,
149,3123,Cat97,,
217,3108,Cat97,,
226,3323,Cat98,,
121,3397,Cat99,,
172,2908,Cat96,,
224,3578,Cat99,,
119,2612,Cat93,,
122,3489,Cat100,,
193,3273,Cat98,,
138,3577,Cat99,,
221,3607,Cat100,,
123,3597,Cat100,,
201,3520,Cat99,,
98,3542,Cat100,,
228,3657,Cat100,,
164,3682,Cat100,,
142,3598,Cat100,,
179,3588,Cat99,,
146,3496,Cat100,,
202,2485,Cat94,,
187,3481,Cat99,,
211,3086,Cat97,,
203,3765,Cat100,,
188,2893,Cat96,,
201,3630,Cat100,,
178,2858,Cat96,,
202,2683,Cat95,,
173,3063,Cat97,,
139,3146,Cat97,,
175,2867,Cat96,,
198,3062,Cat96,,
208,3094,Cat97,,
165,3275,Cat98,,
191,2886,Cat96,,
159,3231,Cat97,,
162,3195,Cat97,,
169,3251,Cat97,,
197,3053,Cat96,,
182,3233,Cat97,,
136,3229,Cat97,,
190,3078,Cat97,,
196,3153,Cat97,,
192,3127,Cat97,,
205,3069,Cat97,,
162,3403,Cat98,,
136,3432,Cat98,,
222,2910,Cat96,,
197,3259,Cat97,,
229,3340,Cat98,,
150,3438,Cat98,,
135,3057,Cat97,,
192,3330,Cat98,,
176,3418,Cat98,,
189,3277,Cat98,,
140,3224,Cat97,,
204,3545,Cat99,,
78,3718,Cat100,,
227,3096,Cat97,,
156,3458,Cat100,,
215,3280,Cat98,,
172,3110,Cat97,,
217,3298,Cat98,,
149,3332,Cat98,,
199,3753,Cat99,,
185,3554,Cat99,,
121,3613,Cat100,,
212,3668,Cat100,,
176,3748,Cat99,,
224,3672,Cat100,,
138,3671,Cat100,,
223,2879,Cat96,,
193,3522,Cat99,,
199,3763,Cat100,,
119,2809,Cat94,,
211,3502,Cat98,,
187,3509,Cat100,,
188,3099,Cat97,,
179,3684,Cat100,,
202,2878,Cat96,,
178,3060,Cat97,,
173,3256,Cat98,,
139,3344,Cat98,,
175,3067,Cat97,,
208,3294,Cat98,,
198,3327,Cat97,,
191,3093,Cat97,,
190,3281,Cat98,,
181,3316,Cat98,,
194,3264,Cat97,,
159,3423,Cat98,,
169,3452,Cat98,,
182,3433,Cat98,,
220,3172,Cat97,,
165,3523,Cat99,,
196,3348,Cat98,,
162,3465,Cat99,,
136,3487,Cat99,,
178,3263,Cat98,,
229,3706,Cat99,,
197,3498,Cat98,,
159,3606,Cat99,,
222,3112,Cat97,,
205,3262,Cat98,,
192,3699,Cat99,,
135,3258,Cat98,,
227,3290,Cat98,,
204,3656,Cat100,,
140,3429,Cat98,,
226,3696,Cat99,,
189,3526,Cat99,,
215,3530,Cat99,,
172,3312,Cat98,,
144,3087,Cat97,,
149,3593,Cat99,,
217,3567,Cat99,,
176,3760,Cat100,,
223,3083,Cat97,,
185,3596,Cat100,,
119,3018,Cat95,,
211,3622,Cat99,,
188,3288,Cat98,,
202,3080,Cat97,,
198,3592,Cat98,,
173,3445,Cat99,,
193,3633,Cat100,,
139,3708,Cat99,,
173,3552,Cat100,,
175,3261,Cat98,,
230,3107,Cat97,,
208,3615,Cat99,,
181,3576,Cat99,,
182,3486,Cat99,,
150,3634,Cat99,,
169,3488,Cat99,,
194,3500,Cat98,,
191,3302,Cat98,,
165,3638,Cat100,,
220,3373,Cat98,,
162,3490,Cat100,,
196,3719,Cat99,,
136,3516,Cat100,,
205,3507,Cat99,,
192,3739,Cat100,,
159,3610,Cat100,,
178,3495,Cat99,,
227,3560,Cat99,,
222,3308,Cat98,,
205,3586,Cat100,,
197,3573,Cat99,,
229,3742,Cat100,,
172,3580,Cat99,,
140,3480,Cat99,,
215,3644,Cat100,,
226,3731,Cat100,,
144,3608,Cat98,,
189,3639,Cat100,,
149,3683,Cat100,,
217,3665,Cat100,,
119,1642,Grocery,,
223,3286,Cat98,,
190,3531,Cat99,,
188,3541,Cat99,,
211,3649,Cat100,,
202,3276,Cat98,,
139,3743,Cat100,,
198,3686,Cat99,,
150,3661,Cat100,,
182,3513,Cat100,,
181,3673,Cat100,,
208,3629,Cat100,,
169,3519,Cat100,,
194,3584,Cat99,,
175,3505,Cat99,,
230,3304,Cat98,,
191,3562,Cat99,,
135,3497,Cat99,,
227,3660,Cat100,,
220,3456,Cat99,,
196,3746,Cat100,,
172,3678,Cat100,,
140,3510,Cat100,,
178,3558,Cat100,,
197,3600,Cat100,,
144,3614,Cat99,,
222,3581,Cat99,,
190,3646,Cat100,,
223,3540,Cat99,,
202,3528,Cat99,,
188,3653,Cat100,,
198,3691,Cat100,,
194,3602,Cat100,,
175,3623,Cat100,,
191,3741,Cat100,,
230,3568,Cat99,,
220,3473,Cat100,,
135,3574,Cat100,,
223,3651,Cat100,,
144,3620,Cat100,,
202,3643,Cat100,,
222,3677,Cat100,,
230,3667,Cat100,,
