Email, Password, Name, Phone, Gender,BusinessId,Store
ven_257_1@gmail.com,123456,ven_257_1,6666666001,M,1,Y
ven_257_2@gmail.com,123456,ven_257_2,6666666002,M,2,Y
ven_257_3@gmail.com,123456,ven_257_3,6666666003,M,3,Y
ven_257_4@gmail.com,123456,ven_257_4,6666666004,M,4,Y
ven_257_5@gmail.com,123456,ven_257_5,6666666005,M,5,Y
ven_257_6@gmail.com,123456,ven_257_6,6666666006,M,6,Y
ven_257_7@gmail.com,123456,ven_257_7,6666666007,M,7,Y
ven_257_8@gmail.com,123456,ven_257_8,6666666008,M,8,Y
ven_257_9@gmail.com,123456,ven_257_9,6666666009,M,9,Y
ven_257_10@gmail.com,123456,ven_257_10,6666666010,M,10,Y
ven_257_11@gmail.com,123456,ven_257_11,6666666011,M,11,Y
ven_257_12@gmail.com,123456,ven_257_12,6666666012,M,12,Y
ven_257_13@gmail.com,123456,ven_257_13,6666666013,M,13,Y
ven_257_14@gmail.com,123456,ven_257_14,6666666014,M,1,Y
ven_257_15@gmail.com,123456,ven_257_15,6666666015,M,2,Y
ven_257_16@gmail.com,123456,ven_257_16,6666666016,M,3,Y
ven_257_17@gmail.com,123456,ven_257_17,6666666017,M,4,Y
ven_257_18@gmail.com,123456,ven_257_18,6666666018,M,5,Y
ven_257_19@gmail.com,123456,ven_257_19,6666666019,M,6,Y
ven_257_20@gmail.com,123456,ven_257_20,6666666020,M,7,Y
ven_257_21@gmail.com,123456,ven_257_21,6666666021,M,8,Y
ven_257_22@gmail.com,123456,ven_257_22,6666666022,M,9,Y
ven_257_23@gmail.com,123456,ven_257_23,6666666023,M,10,Y
ven_257_24@gmail.com,123456,ven_257_24,6666666024,M,11,Y
ven_257_25@gmail.com,123456,ven_257_25,6666666025,M,12,Y
ven_257_26@gmail.com,123456,ven_257_26,6666666026,M,13,Y
ven_257_27@gmail.com,123456,ven_257_27,6666666027,M,1,Y
ven_257_28@gmail.com,123456,ven_257_28,6666666028,M,2,Y
ven_257_29@gmail.com,123456,ven_257_29,6666666029,M,3,Y
ven_257_30@gmail.com,123456,ven_257_30,6666666030,M,4,Y
ven_257_31@gmail.com,123456,ven_257_31,6666666031,M,5,Y
ven_257_32@gmail.com,123456,ven_257_32,6666666032,M,6,Y
ven_257_33@gmail.com,123456,ven_257_33,6666666033,M,7,Y
ven_257_34@gmail.com,123456,ven_257_34,6666666034,M,8,Y
ven_257_35@gmail.com,123456,ven_257_35,6666666035,M,9,Y
ven_257_36@gmail.com,123456,ven_257_36,6666666036,M,10,Y
ven_257_37@gmail.com,123456,ven_257_37,6666666037,M,11,Y
ven_257_38@gmail.com,123456,ven_257_38,6666666038,M,12,Y
ven_257_39@gmail.com,123456,ven_257_39,6666666039,M,13,Y
ven_257_40@gmail.com,123456,ven_257_40,6666666040,M,1,Y
ven_257_41@gmail.com,123456,ven_257_41,6666666041,M,2,Y
ven_257_42@gmail.com,123456,ven_257_42,6666666042,M,3,Y
ven_257_43@gmail.com,123456,ven_257_43,6666666043,M,4,Y
ven_257_44@gmail.com,123456,ven_257_44,6666666044,M,5,Y
ven_257_45@gmail.com,123456,ven_257_45,6666666045,M,6,Y
ven_257_46@gmail.com,123456,ven_257_46,6666666046,M,7,Y
ven_257_47@gmail.com,123456,ven_257_47,6666666047,M,8,Y
ven_257_48@gmail.com,123456,ven_257_48,6666666048,M,9,Y
ven_257_49@gmail.com,123456,ven_257_49,6666666049,M,10,Y
ven_257_50@gmail.com,123456,ven_257_50,6666666050,M,11,Y
ven_257_51@gmail.com,123456,ven_257_51,6666666051,M,12,Y
ven_257_52@gmail.com,123456,ven_257_52,6666666052,M,13,Y
ven_257_53@gmail.com,123456,ven_257_53,6666666053,M,1,Y
ven_257_54@gmail.com,123456,ven_257_54,6666666054,M,2,Y
ven_257_55@gmail.com,123456,ven_257_55,6666666055,M,3,Y
ven_257_56@gmail.com,123456,ven_257_56,6666666056,M,4,Y
ven_257_57@gmail.com,123456,ven_257_57,6666666057,M,5,Y
ven_257_58@gmail.com,123456,ven_257_58,6666666058,M,6,Y
ven_257_59@gmail.com,123456,ven_257_59,6666666059,M,7,Y
ven_257_60@gmail.com,123456,ven_257_60,6666666060,M,8,Y
ven_257_61@gmail.com,123456,ven_257_61,6666666061,M,9,Y
ven_257_62@gmail.com,123456,ven_257_62,6666666062,M,10,Y
ven_257_63@gmail.com,123456,ven_257_63,6666666063,M,11,Y
ven_257_64@gmail.com,123456,ven_257_64,6666666064,M,12,Y
ven_257_65@gmail.com,123456,ven_257_65,6666666065,M,13,Y
ven_257_66@gmail.com,123456,ven_257_66,6666666066,M,1,Y
ven_257_67@gmail.com,123456,ven_257_67,6666666067,M,2,Y
ven_257_68@gmail.com,123456,ven_257_68,6666666068,M,3,Y
ven_257_69@gmail.com,123456,ven_257_69,6666666069,M,4,Y
ven_257_70@gmail.com,123456,ven_257_70,6666666070,M,5,Y
ven_257_71@gmail.com,123456,ven_257_71,6666666071,M,6,Y
ven_257_72@gmail.com,123456,ven_257_72,6666666072,M,7,Y
ven_257_73@gmail.com,123456,ven_257_73,6666666073,M,8,Y
ven_257_74@gmail.com,123456,ven_257_74,6666666074,M,9,Y
ven_257_75@gmail.com,123456,ven_257_75,6666666075,M,10,Y
ven_257_76@gmail.com,123456,ven_257_76,6666666076,M,11,Y
ven_257_77@gmail.com,123456,ven_257_77,6666666077,M,12,Y
ven_257_78@gmail.com,123456,ven_257_78,6666666078,M,13,Y
ven_257_79@gmail.com,123456,ven_257_79,6666666079,M,1,Y
ven_257_80@gmail.com,123456,ven_257_80,6666666080,M,2,Y
ven_257_81@gmail.com,123456,ven_257_81,6666666081,M,3,Y
ven_257_82@gmail.com,123456,ven_257_82,6666666082,M,4,Y
ven_257_83@gmail.com,123456,ven_257_83,6666666083,M,5,Y
ven_257_84@gmail.com,123456,ven_257_84,6666666084,M,6,Y
ven_257_85@gmail.com,123456,ven_257_85,6666666085,M,7,Y
ven_257_86@gmail.com,123456,ven_257_86,6666666086,M,8,Y
ven_257_87@gmail.com,123456,ven_257_87,6666666087,M,9,Y
ven_257_88@gmail.com,123456,ven_257_88,6666666088,M,10,Y
ven_257_89@gmail.com,123456,ven_257_89,6666666089,M,11,Y
ven_257_90@gmail.com,123456,ven_257_90,6666666090,M,12,Y
ven_257_91@gmail.com,123456,ven_257_91,6666666091,M,13,Y
ven_257_92@gmail.com,123456,ven_257_92,6666666092,M,1,Y
ven_257_93@gmail.com,123456,ven_257_93,6666666093,M,2,Y
ven_257_94@gmail.com,123456,ven_257_94,6666666094,M,3,Y
ven_257_95@gmail.com,123456,ven_257_95,6666666095,M,4,Y
ven_257_96@gmail.com,123456,ven_257_96,6666666096,M,5,Y
ven_257_97@gmail.com,123456,ven_257_97,6666666097,M,6,Y
ven_257_98@gmail.com,123456,ven_257_98,6666666098,M,7,Y
ven_257_99@gmail.com,123456,ven_257_99,6666666099,M,8,Y
ven_257_100@gmail.com,123456,ven_257_100,6666666100,M,9,N
ven_257_101@gmail.com,123456,ven_257_101,6666666101,M,10,N
ven_257_102@gmail.com,123456,ven_257_102,6666666102,M,11,N
ven_257_103@gmail.com,123456,ven_257_103,6666666103,M,12,N
ven_257_104@gmail.com,123456,ven_257_104,6666666104,M,13,N
ven_257_105@gmail.com,123456,ven_257_105,6666666105,M,1,N
ven_257_106@gmail.com,123456,ven_257_106,6666666106,M,2,N
ven_257_107@gmail.com,123456,ven_257_107,6666666107,M,3,N
ven_257_108@gmail.com,123456,ven_257_108,6666666108,M,4,N
ven_257_109@gmail.com,123456,ven_257_109,6666666109,M,5,N
ven_257_110@gmail.com,123456,ven_257_110,6666666110,M,6,N
ven_257_111@gmail.com,123456,ven_257_111,6666666111,M,7,N
ven_257_112@gmail.com,123456,ven_257_112,6666666112,M,8,N
ven_257_113@gmail.com,123456,ven_257_113,6666666113,M,9,N
ven_257_114@gmail.com,123456,ven_257_114,6666666114,M,10,N
ven_257_115@gmail.com,123456,ven_257_115,6666666115,M,11,N
ven_257_116@gmail.com,123456,ven_257_116,6666666116,M,12,N
ven_257_117@gmail.com,123456,ven_257_117,6666666117,M,13,N
ven_257_118@gmail.com,123456,ven_257_118,6666666118,M,1,N
ven_257_119@gmail.com,123456,ven_257_119,6666666119,M,2,N
ven_257_120@gmail.com,123456,ven_257_120,6666666120,M,3,N
ven_257_121@gmail.com,123456,ven_257_121,6666666121,M,4,N
ven_257_122@gmail.com,123456,ven_257_122,6666666122,M,5,N
ven_257_123@gmail.com,123456,ven_257_123,6666666123,M,6,N
ven_257_124@gmail.com,123456,ven_257_124,6666666124,M,7,N
ven_257_125@gmail.com,123456,ven_257_125,6666666125,M,8,N
ven_257_126@gmail.com,123456,ven_257_126,6666666126,M,9,N
ven_257_127@gmail.com,123456,ven_257_127,6666666127,M,10,N
ven_257_128@gmail.com,123456,ven_257_128,6666666128,M,11,N
ven_257_129@gmail.com,123456,ven_257_129,6666666129,M,12,N
ven_257_130@gmail.com,123456,ven_257_130,6666666130,M,13,N
ven_257_131@gmail.com,123456,ven_257_131,6666666131,M,1,N
ven_257_132@gmail.com,123456,ven_257_132,6666666132,M,2,N
ven_257_133@gmail.com,123456,ven_257_133,6666666133,M,3,N
ven_257_134@gmail.com,123456,ven_257_134,6666666134,M,4,N
ven_257_135@gmail.com,123456,ven_257_135,6666666135,M,5,N
ven_257_136@gmail.com,123456,ven_257_136,6666666136,M,6,N
ven_257_137@gmail.com,123456,ven_257_137,6666666137,M,7,N
ven_257_138@gmail.com,123456,ven_257_138,6666666138,M,8,N
ven_257_139@gmail.com,123456,ven_257_139,6666666139,M,9,N
ven_257_140@gmail.com,123456,ven_257_140,6666666140,M,10,N
ven_257_141@gmail.com,123456,ven_257_141,6666666141,M,11,N
ven_257_142@gmail.com,123456,ven_257_142,6666666142,M,12,N
ven_257_143@gmail.com,123456,ven_257_143,6666666143,M,13,N
ven_257_144@gmail.com,123456,ven_257_144,6666666144,M,1,N
ven_257_145@gmail.com,123456,ven_257_145,6666666145,M,2,N
ven_257_146@gmail.com,123456,ven_257_146,6666666146,M,3,N
ven_257_147@gmail.com,123456,ven_257_147,6666666147,M,4,N
ven_257_148@gmail.com,123456,ven_257_148,6666666148,M,5,N
ven_257_149@gmail.com,123456,ven_257_149,6666666149,M,6,N
ven_257_150@gmail.com,123456,ven_257_150,6666666150,M,7,N
ven_257_151@gmail.com,123456,ven_257_151,6666666151,M,8,N
ven_257_152@gmail.com,123456,ven_257_152,6666666152,M,9,N
ven_257_153@gmail.com,123456,ven_257_153,6666666153,M,10,N
ven_257_154@gmail.com,123456,ven_257_154,6666666154,M,11,N
ven_257_155@gmail.com,123456,ven_257_155,6666666155,M,12,N
ven_257_156@gmail.com,123456,ven_257_156,6666666156,M,13,N
ven_257_157@gmail.com,123456,ven_257_157,6666666157,M,1,N
ven_257_158@gmail.com,123456,ven_257_158,6666666158,M,2,N
ven_257_159@gmail.com,123456,ven_257_159,6666666159,M,3,N
ven_257_160@gmail.com,123456,ven_257_160,6666666160,M,4,N
ven_257_161@gmail.com,123456,ven_257_161,6666666161,M,5,N
ven_257_162@gmail.com,123456,ven_257_162,6666666162,M,6,N
ven_257_163@gmail.com,123456,ven_257_163,6666666163,M,7,N
ven_257_164@gmail.com,123456,ven_257_164,6666666164,M,8,N
ven_257_165@gmail.com,123456,ven_257_165,6666666165,M,9,N
ven_257_166@gmail.com,123456,ven_257_166,6666666166,M,10,N
ven_257_167@gmail.com,123456,ven_257_167,6666666167,M,11,N
ven_257_168@gmail.com,123456,ven_257_168,6666666168,M,12,N
ven_257_169@gmail.com,123456,ven_257_169,6666666169,M,13,N
ven_257_170@gmail.com,123456,ven_257_170,6666666170,M,1,N
ven_257_171@gmail.com,123456,ven_257_171,6666666171,M,2,N
ven_257_172@gmail.com,123456,ven_257_172,6666666172,M,3,N
ven_257_173@gmail.com,123456,ven_257_173,6666666173,M,4,N
ven_257_174@gmail.com,123456,ven_257_174,6666666174,M,5,N
ven_257_175@gmail.com,123456,ven_257_175,6666666175,M,6,N
ven_257_176@gmail.com,123456,ven_257_176,6666666176,M,7,N
ven_257_177@gmail.com,123456,ven_257_177,6666666177,M,8,N
ven_257_178@gmail.com,123456,ven_257_178,6666666178,M,9,N
ven_257_179@gmail.com,123456,ven_257_179,6666666179,M,10,N
ven_257_180@gmail.com,123456,ven_257_180,6666666180,M,11,N
ven_257_181@gmail.com,123456,ven_257_181,6666666181,M,12,N
ven_257_182@gmail.com,123456,ven_257_182,6666666182,M,13,N
ven_257_183@gmail.com,123456,ven_257_183,6666666183,M,1,N
ven_257_184@gmail.com,123456,ven_257_184,6666666184,M,2,N
ven_257_185@gmail.com,123456,ven_257_185,6666666185,M,3,N
ven_257_186@gmail.com,123456,ven_257_186,6666666186,M,4,N
ven_257_187@gmail.com,123456,ven_257_187,6666666187,M,5,N
ven_257_188@gmail.com,123456,ven_257_188,6666666188,M,6,N
ven_257_189@gmail.com,123456,ven_257_189,6666666189,M,7,N
ven_257_190@gmail.com,123456,ven_257_190,6666666190,M,8,N
ven_257_191@gmail.com,123456,ven_257_191,6666666191,M,9,N
ven_257_192@gmail.com,123456,ven_257_192,6666666192,M,10,N
ven_257_193@gmail.com,123456,ven_257_193,6666666193,M,11,N
ven_257_194@gmail.com,123456,ven_257_194,6666666194,M,12,N
ven_257_195@gmail.com,123456,ven_257_195,6666666195,M,13,N
ven_257_196@gmail.com,123456,ven_257_196,6666666196,M,1,N
ven_257_197@gmail.com,123456,ven_257_197,6666666197,M,2,N
ven_257_198@gmail.com,123456,ven_257_198,6666666198,M,3,N
ven_257_199@gmail.com,123456,ven_257_199,6666666199,M,4,N
ven_257_200@gmail.com,123456,ven_257_200,6666666200,M,5,N
